compound_id,molecular_weight
C001,46.041865
C002,30.046950
C003,78.046950