{
    "train_loss": [
        83.01203346252441,
        79.39727306365967,
        82.37283325195312,
        83.40168762207031,
        84.5419692993164,
        82.63137626647949,
        76.14462757110596,
        85.52068138122559,
        74.18214797973633,
        77.7492504119873
    ],
    "val_loss": [
        60.60163497924805,
        60.23688888549805,
        59.822265625,
        59.3077507019043,
        58.69221496582031,
        57.937164306640625,
        56.99396896362305,
        55.87217330932617,
        54.57123947143555,
        53.0500373840332
    ],
    "train_metrics": [
        "{'mse': np.float32(8127.884), 'mae': np.float32(84.82923), 'rmse': np.float32(90.15478), 'r2': np.float32(-7.698991)}",
        "{'mse': np.float32(8086.7666), 'mae': np.float32(84.565056), 'rmse': np.float32(89.92645), 'r2': np.float32(-7.6549845)}",
        "{'mse': np.float32(8015.3413), 'mae': np.float32(84.16764), 'rmse': np.float32(89.528435), 'r2': np.float32(-7.578541)}",
        "{'mse': np.float32(7942.729), 'mae': np.float32(83.69591), 'rmse': np.float32(89.12199), 'r2': np.float32(-7.500826)}",
        "{'mse': np.float32(7871.415), 'mae': np.float32(83.309654), 'rmse': np.float32(88.72099), 'r2': np.float32(-7.4245014)}",
        "{'mse': np.float32(7772.94), 'mae': np.float32(82.69564), 'rmse': np.float32(88.164276), 'r2': np.float32(-7.319106)}",
        "{'mse': np.float32(7634.7573), 'mae': np.float32(81.8576), 'rmse': np.float32(87.3771), 'r2': np.float32(-7.171214)}",
        "{'mse': np.float32(7426.0054), 'mae': np.float32(80.58568), 'rmse': np.float32(86.17427), 'r2': np.float32(-6.947795)}",
        "{'mse': np.float32(7325.6514), 'mae': np.float32(79.95348), 'rmse': np.float32(85.59002), 'r2': np.float32(-6.840389)}",
        "{'mse': np.float32(7053.3247), 'mae': np.float32(78.37801), 'rmse': np.float32(83.98408), 'r2': np.float32(-6.548928)}"
    ],
    "val_metrics": [
        "{'mse': np.float32(4167.975), 'mae': np.float32(61.101635), 'rmse': np.float32(64.55986), 'r2': np.float32(-8.59112)}",
        "{'mse': np.float32(4123.535), 'mae': np.float32(60.73689), 'rmse': np.float32(64.21476), 'r2': np.float32(-8.488856)}",
        "{'mse': np.float32(4073.3418), 'mae': np.float32(60.322266), 'rmse': np.float32(63.82274), 'r2': np.float32(-8.373354)}",
        "{'mse': np.float32(4011.5325), 'mae': np.float32(59.80775), 'rmse': np.float32(63.33666), 'r2': np.float32(-8.231122)}",
        "{'mse': np.float32(3938.2844), 'mae': np.float32(59.192215), 'rmse': np.float32(62.755753), 'r2': np.float32(-8.062568)}",
        "{'mse': np.float32(3849.468), 'mae': np.float32(58.437164), 'rmse': np.float32(62.044083), 'r2': np.float32(-7.8581877)}",
        "{'mse': np.float32(3740.1223), 'mae': np.float32(57.49397), 'rmse': np.float32(61.15654), 'r2': np.float32(-7.6065674)}",
        "{'mse': np.float32(3612.3875), 'mae': np.float32(56.372173), 'rmse': np.float32(60.10314), 'r2': np.float32(-7.3126307)}",
        "{'mse': np.float32(3467.407), 'mae': np.float32(55.07124), 'rmse': np.float32(58.884693), 'r2': np.float32(-6.9790096)}",
        "{'mse': np.float32(3302.1729), 'mae': np.float32(53.550037), 'rmse': np.float32(57.464535), 'r2': np.float32(-6.598782)}"
    ],
    "learning_rates": [
        0.001,
        0.001,
        0.001,
        0.001,
        0.001,
        0.001,
        0.001,
        0.001,
        0.001,
        0.001
    ],
    "epoch_times": [
        0.4814481735229492,
        0.3947591781616211,
        0.40973997116088867,
        0.5296943187713623,
        0.43733716011047363,
        0.4538075923919678,
        0.40166568756103516,
        0.3797304630279541,
        0.3739781379699707,
        0.4140501022338867
    ]
}