{
    "train_loss": [
        74.15388298034668,
        73.48307609558105,
        72.76675701141357,
        81.64152717590332,
        77.72343826293945,
        79.16751670837402,
        76.7252893447876,
        74.97793769836426,
        63.750821113586426,
        74.69077396392822
    ],
    "val_loss": [
        76.1950912475586,
        75.4710693359375,
        74.64590454101562,
        73.59729766845703,
        72.25540161132812,
        70.5853271484375,
        68.56378936767578,
        66.12494659423828,
        63.227970123291016,
        59.82999801635742
    ],
    "train_metrics": [
        "{'mse': np.float32(7747.089), 'mae': np.float32(82.54647), 'rmse': np.float32(88.01755), 'r2': np.float32(-7.333523)}",
        "{'mse': np.float32(7643.915), 'mae': np.float32(81.8836), 'rmse': np.float32(87.42949), 'r2': np.float32(-7.222539)}",
        "{'mse': np.float32(7521.219), 'mae': np.float32(81.16478), 'rmse': np.float32(86.72496), 'r2': np.float32(-7.090556)}",
        "{'mse': np.float32(7366.255), 'mae': np.float32(80.25511), 'rmse': np.float32(85.82689), 'r2': np.float32(-6.923861)}",
        "{'mse': np.float32(7215.1416), 'mae': np.float32(79.280136), 'rmse': np.float32(84.941986), 'r2': np.float32(-6.761308)}",
        "{'mse': np.float32(6964.624), 'mae': np.float32(77.77569), 'rmse': np.float32(83.45432), 'r2': np.float32(-6.4918275)}",
        "{'mse': np.float32(6642.5864), 'mae': np.float32(75.54777), 'rmse': np.float32(81.50207), 'r2': np.float32(-6.145412)}",
        "{'mse': np.float32(6345.7812), 'mae': np.float32(73.824295), 'rmse': np.float32(79.660416), 'r2': np.float32(-5.82614)}",
        "{'mse': np.float32(6044.2417), 'mae': np.float32(71.19429), 'rmse': np.float32(77.74472), 'r2': np.float32(-5.501775)}",
        "{'mse': np.float32(5570.341), 'mae': np.float32(68.26866), 'rmse': np.float32(74.63471), 'r2': np.float32(-4.992)}"
    ],
    "val_metrics": [
        "{'mse': np.float32(6035.9434), 'mae': np.float32(76.69509), 'rmse': np.float32(77.69134), 'r2': np.float32(-38.243748)}",
        "{'mse': np.float32(5925.4097), 'mae': np.float32(75.97107), 'rmse': np.float32(76.976685), 'r2': np.float32(-37.525093)}",
        "{'mse': np.float32(5800.7134), 'mae': np.float32(75.145905), 'rmse': np.float32(76.162415), 'r2': np.float32(-36.71436)}",
        "{'mse': np.float32(5644.2163), 'mae': np.float32(74.0973), 'rmse': np.float32(75.128), 'r2': np.float32(-35.696865)}",
        "{'mse': np.float32(5447.155), 'mae': np.float32(72.7554), 'rmse': np.float32(73.80484), 'r2': np.float32(-34.415634)}",
        "{'mse': np.float32(5206.9297), 'mae': np.float32(71.08533), 'rmse': np.float32(72.15906), 'r2': np.float32(-32.853767)}",
        "{'mse': np.float32(4923.6133), 'mae': np.float32(69.06379), 'rmse': np.float32(70.168465), 'r2': np.float32(-31.011738)}",
        "{'mse': np.float32(4592.69), 'mae': np.float32(66.62495), 'rmse': np.float32(67.76939), 'r2': np.float32(-28.860182)}",
        "{'mse': np.float32(4215.0605), 'mae': np.float32(63.72797), 'rmse': np.float32(64.9235), 'r2': np.float32(-26.404957)}",
        "{'mse': np.float32(3793.5154), 'mae': np.float32(60.329998), 'rmse': np.float32(61.591522), 'r2': np.float32(-23.664207)}"
    ],
    "learning_rates": [
        0.001,
        0.001,
        0.001,
        0.001,
        0.001,
        0.001,
        0.001,
        0.001,
        0.001,
        0.001
    ],
    "epoch_times": [
        0.42317891120910645,
        0.42732715606689453,
        0.4103984832763672,
        0.4388091564178467,
        0.5205869674682617,
        0.4953954219818115,
        0.42235326766967773,
        0.44551634788513184,
        0.40717172622680664,
        0.43618297576904297
    ]
}