{
    "train_loss": [
        82.87560653686523,
        88.28418731689453,
        79.12909507751465,
        77.97990417480469,
        80.63130950927734,
        72.61986923217773,
        79.45669746398926,
        68.87686729431152,
        61.566033363342285,
        69.83943462371826
    ],
    "val_loss": [
        76.01493835449219,
        75.32813262939453,
        74.4756851196289,
        73.41718292236328,
        72.11053466796875,
        70.49652862548828,
        68.5512924194336,
        66.25516510009766,
        63.570343017578125,
        60.46720504760742
    ],
    "train_metrics": [
        "{'mse': np.float32(7790.6553), 'mae': np.float32(82.86995), 'rmse': np.float32(88.26469), 'r2': np.float32(-7.3924837)}",
        "{'mse': np.float32(7661.2275), 'mae': np.float32(82.09854), 'rmse': np.float32(87.528435), 'r2': np.float32(-7.2530584)}",
        "{'mse': np.float32(7562.6143), 'mae': np.float32(81.42978), 'rmse': np.float32(86.963295), 'r2': np.float32(-7.1468267)}",
        "{'mse': np.float32(7369.195), 'mae': np.float32(80.30054), 'rmse': np.float32(85.84402), 'r2': np.float32(-6.938466)}",
        "{'mse': np.float32(7250.3154), 'mae': np.float32(79.4703), 'rmse': np.float32(85.14878), 'r2': np.float32(-6.8104033)}",
        "{'mse': np.float32(7007.015), 'mae': np.float32(77.9934), 'rmse': np.float32(83.70792), 'r2': np.float32(-6.548308)}",
        "{'mse': np.float32(6837.6353), 'mae': np.float32(76.75743), 'rmse': np.float32(82.689995), 'r2': np.float32(-6.3658433)}",
        "{'mse': np.float32(6395.391), 'mae': np.float32(73.991714), 'rmse': np.float32(79.97119), 'r2': np.float32(-5.8894362)}",
        "{'mse': np.float32(6152.446), 'mae': np.float32(72.00479), 'rmse': np.float32(78.43753), 'r2': np.float32(-5.6277227)}",
        "{'mse': np.float32(5683.5186), 'mae': np.float32(69.20979), 'rmse': np.float32(75.389114), 'r2': np.float32(-5.122571)}"
    ],
    "val_metrics": [
        "{'mse': np.float32(6047.5405), 'mae': np.float32(76.51494), 'rmse': np.float32(77.76594), 'r2': np.float32(-30.333675)}",
        "{'mse': np.float32(5942.9106), 'mae': np.float32(75.82813), 'rmse': np.float32(77.09028), 'r2': np.float32(-29.791567)}",
        "{'mse': np.float32(5814.358), 'mae': np.float32(74.975685), 'rmse': np.float32(76.25194), 'r2': np.float32(-29.125505)}",
        "{'mse': np.float32(5656.7554), 'mae': np.float32(73.91718), 'rmse': np.float32(75.2114), 'r2': np.float32(-28.30893)}",
        "{'mse': np.float32(5465.2944), 'mae': np.float32(72.61053), 'rmse': np.float32(73.92763), 'r2': np.float32(-27.316927)}",
        "{'mse': np.float32(5233.512), 'mae': np.float32(70.99653), 'rmse': np.float32(72.34302), 'r2': np.float32(-26.116013)}",
        "{'mse': np.float32(4961.0854), 'mae': np.float32(69.05129), 'rmse': np.float32(70.434975), 'r2': np.float32(-24.704506)}",
        "{'mse': np.float32(4649.2563), 'mae': np.float32(66.755165), 'rmse': np.float32(68.185455), 'r2': np.float32(-23.08885)}",
        "{'mse': np.float32(4298.013), 'mae': np.float32(64.07034), 'rmse': np.float32(65.559235), 'r2': np.float32(-21.268978)}",
        "{'mse': np.float32(3910.0046), 'mae': np.float32(60.967205), 'rmse': np.float32(62.53003), 'r2': np.float32(-19.25862)}"
    ],
    "learning_rates": [
        0.001,
        0.001,
        0.001,
        0.001,
        0.001,
        0.001,
        0.001,
        0.001,
        0.001,
        0.001
    ],
    "epoch_times": [
        0.4567255973815918,
        0.3763916492462158,
        0.43328046798706055,
        0.4619262218475342,
        0.4817948341369629,
        0.4250452518463135,
        0.4214749336242676,
        0.4005417823791504,
        0.5219581127166748,
        0.9591004848480225
    ]
}