{
    "train_loss": [
        85.82550048828125,
        87.46626663208008,
        85.68585968017578,
        78.78830337524414,
        75.44388198852539,
        83.47427368164062,
        87.55598068237305,
        74.75356864929199,
        70.7000904083252,
        71.37302589416504
    ],
    "val_loss": [
        51.43977355957031,
        50.973297119140625,
        50.4463996887207,
        49.77931213378906,
        48.93841552734375,
        47.908634185791016,
        46.670501708984375,
        45.210262298583984,
        43.49671936035156,
        41.509639739990234
    ],
    "train_metrics": [
        "{'mse': np.float32(8207.047), 'mae': np.float32(85.944), 'rmse': np.float32(90.59275), 'r2': np.float32(-8.996725)}",
        "{'mse': np.float32(8106.8857), 'mae': np.float32(85.35258), 'rmse': np.float32(90.038246), 'r2': np.float32(-8.8747225)}",
        "{'mse': np.float32(8022.359), 'mae': np.float32(84.850784), 'rmse': np.float32(89.56762), 'r2': np.float32(-8.771763)}",
        "{'mse': np.float32(7933.5293), 'mae': np.float32(84.26846), 'rmse': np.float32(89.07036), 'r2': np.float32(-8.663563)}",
        "{'mse': np.float32(7802.468), 'mae': np.float32(83.5135), 'rmse': np.float32(88.33158), 'r2': np.float32(-8.503921)}",
        "{'mse': np.float32(7676.3276), 'mae': np.float32(82.767815), 'rmse': np.float32(87.614655), 'r2': np.float32(-8.350275)}",
        "{'mse': np.float32(7504.3403), 'mae': np.float32(81.860756), 'rmse': np.float32(86.627594), 'r2': np.float32(-8.140781)}",
        "{'mse': np.float32(7254.1475), 'mae': np.float32(80.21696), 'rmse': np.float32(85.17128), 'r2': np.float32(-7.83603)}",
        "{'mse': np.float32(7038.988), 'mae': np.float32(78.97419), 'rmse': np.float32(83.898674), 'r2': np.float32(-7.5739517)}",
        "{'mse': np.float32(6789.2764), 'mae': np.float32(77.0148), 'rmse': np.float32(82.397064), 'r2': np.float32(-7.269788)}"
    ],
    "val_metrics": [
        "{'mse': np.float32(3215.0898), 'mae': np.float32(51.939774), 'rmse': np.float32(56.701763), 'r2': np.float32(-5.214539)}",
        "{'mse': np.float32(3166.8496), 'mae': np.float32(51.473297), 'rmse': np.float32(56.27477), 'r2': np.float32(-5.121294)}",
        "{'mse': np.float32(3112.8855), 'mae': np.float32(50.9464), 'rmse': np.float32(55.79324), 'r2': np.float32(-5.016985)}",
        "{'mse': np.float32(3045.3586), 'mae': np.float32(50.279312), 'rmse': np.float32(55.18477), 'r2': np.float32(-4.886461)}",
        "{'mse': np.float32(2961.506), 'mae': np.float32(49.438416), 'rmse': np.float32(54.419724), 'r2': np.float32(-4.72438)}",
        "{'mse': np.float32(2860.7454), 'mae': np.float32(48.408634), 'rmse': np.float32(53.485935), 'r2': np.float32(-4.529617)}",
        "{'mse': np.float32(2742.4062), 'mae': np.float32(47.1705), 'rmse': np.float32(52.36799), 'r2': np.float32(-4.300875)}",
        "{'mse': np.float32(2606.7776), 'mae': np.float32(45.710262), 'rmse': np.float32(51.05661), 'r2': np.float32(-4.038715)}",
        "{'mse': np.float32(2453.0613), 'mae': np.float32(43.99672), 'rmse': np.float32(49.52839), 'r2': np.float32(-3.741592)}",
        "{'mse': np.float32(2282.1594), 'mae': np.float32(42.00964), 'rmse': np.float32(47.771954), 'r2': np.float32(-3.4112515)}"
    ],
    "learning_rates": [
        0.001,
        0.001,
        0.001,
        0.001,
        0.001,
        0.001,
        0.001,
        0.001,
        0.001,
        0.001
    ],
    "epoch_times": [
        0.4495398998260498,
        0.4085357189178467,
        0.3853943347930908,
        0.4128727912902832,
        0.4966158866882324,
        0.4458487033843994,
        0.39873504638671875,
        0.43877625465393066,
        0.44199109077453613,
        0.3916621208190918
    ]
}